{"f1_score": 0.8316831683168315, "roc_auc_score": 0.8102439024390243, "time": "Wed Jun 23 01:05:42 2021"}