{"f1_score": 0.8615384615384615, "roc_auc_score": 0.8512931034482758, "time": "Wed Jun 23 01:15:07 2021"}